,geo,population,time,PPC_impression,Facebook_impression,Display_impression,Youtube_impression,PPC_spend,Facebook_spend,Display_spend,Youtube_spend,conversion,organic_impression,revenue_per_conversion_extimated,revenue_per_conversion_monthly,revenue_per_conversion_mixed,revenue_per_conversion_3month,organic_spend,revenue_per_conversion_adjusted,
1,CZ,10609239,2020-03-02,99360,0,2132751,0,81263,0,53846,0,524,129168,93.64599237,420,2268,1260,,92.17557252,1.470419847
2,CZ,10609239,2020-03-09,81304,0,1465152,0,68502,0,43122,0,504,105695,66.03690476,420,2268,1260,,65,1.036904762
3,CZ,10609239,2020-03-16,70287,0,2083681,0,64705,0,50049,0,580,91373,61.79793103,420,2268,1260,,60.82758621,0.9703448276
4,CZ,10609239,2020-03-23,83682,0,4569156,0,94112,0,78471,0,620,108787,49.55225806,420,2268,1260,,48.77419355,0.7780645161
5,CZ,10609239,2020-03-30,68627,0,3788748,1236748,143007,0,58699,56235,506,89215,77.58181818,420,2268,1260,,76.36363636,1.218181818
6,CZ,10609239,2020-04-06,73193,0,7112244,1683990,141422,0,83612,89127,316,95151,114.7768987,420,2268,1260,,112.9746835,1.80221519
7,CZ,10609239,2020-04-13,60597,0,4072931,1579999,132150,0,56256,89032,347,78776,125.4276657,420,2268,1260,,123.4582133,1.96945245
8,CZ,10609239,2020-04-20,50529,0,2760035,1124682,98531,0,47520,73098,334,65688,135.4197605,420,2268,1260,,133.2934132,2.126347305
9,CZ,10609239,2020-04-27,52996,0,2123019,709057,72178,0,29286,47293,281,68895,145.7765125,420,2268,1260,,143.4875445,2.288967972
10,CZ,10609239,2020-05-04,66127,0,1185801,252820,53031,0,21206,11948,470,85965,79.89276596,420,2268,1260,,78.63829787,1.254468085
11,CZ,10609239,2020-05-11,60428,0,5130164,391058,69292,0,51180,23295,656,78556,138.5474085,420,2268,1260,,136.3719512,2.175457317
12,CZ,10609239,2020-05-18,59670,0,4191693,435277,66202,0,37987,29713,627,77571,96.63700159,420,2268,1260,,95.11961722,1.51738437
13,CZ,10609239,2020-05-25,68148,0,7596432,437465,85795,0,58287,30197,663,88592,103.6179487,420,2268,1260,,101.9909502,1.626998492
14,CZ,10609239,2020-06-01,61676,0,3192142,359918,66612,0,40870,22921,612,80179,110.8583333,420,2268,1260,,109.1176471,1.740686275
15,CZ,10609239,2020-06-08,55359,0,5390680,351461,64763,0,61102,23275,628,71967,133.8533439,420,2268,1260,,131.7515924,2.101751592
16,CZ,10609239,2020-06-15,59419,0,5379652,361359,70191,0,53102,23477,574,77245,169.4905923,420,2268,1260,,166.8292683,2.661324042
17,CZ,10609239,2020-06-22,52502,0,3937580,387632,56209,0,32152,23602,435,68253,125.5577011,420,2268,1260,,123.5862069,1.971494253
18,CZ,10609239,2020-06-29,53068,0,4563428,309290,63577,0,42997,17891,436,68988,120.3763761,420,2268,1260,,118.4862385,1.890137615
19,CZ,10609239,2020-07-06,53203,0,2320175,446889,76706,0,27909,24391,452,69164,95.34668142,420,2268,1260,,93.84955752,1.497123894
20,CZ,10609239,2020-07-13,51894,0,3064922,441299,75739,0,26126,24428,500,67462,126.3032,420,2268,1260,,124.32,1.9832
21,CZ,10609239,2020-07-20,48507,0,2785172,381691,64739,0,46273,24468,436,63059,94.9309633,420,2268,1260,,93.44036697,1.49059633
22,CZ,10609239,2020-07-27,52065,0,4206953,119847,71093,0,69159,8134,416,67685,123.0865385,420,2268,1260,,121.1538462,1.932692308
23,CZ,10609239,2020-08-03,51934,0,1737584,27901,70968,0,33017,3189,453,67514,116.800883,420,2268,1260,,114.9668874,1.833995585
24,CZ,10609239,2020-08-10,46193,0,1274506,16034,65441,0,25928,1848,511,60051,99.36849315,420,2268,1260,,97.80821918,1.560273973
25,CZ,10609239,2020-08-17,44478,0,3467498,0,60394,0,62157,0,482,57821,124.823029,420,2268,1260,,122.8630705,1.959958506
26,CZ,10609239,2020-08-24,47744,0,2434619,0,72715,0,63715,0,727,62067,110.3433287,420,2268,1260,,108.610729,1.732599725
27,CZ,10609239,2020-08-31,54347,0,2296998,0,78613,0,69784,0,631,70651,85.88098257,420,2268,1260,,84.53248811,1.348494453
28,CZ,10609239,2020-09-07,63570,0,3712025,0,81211,0,82314,0,486,82641,135.209465,420,2268,1260,,133.0864198,2.123045267
29,CZ,10609239,2020-09-14,70781,0,4971177,0,87305,0,45060,0,517,92015,139.482205,420,2268,1260,,137.2920696,2.190135397
30,CZ,10609239,2020-09-21,73157,0,4394653,0,133372,0,74378,0,537,95104,121.573743,420,2268,1260,,119.6648045,1.908938547
31,CZ,10609239,2020-09-28,73992,0,2540560,0,94161,0,5110806,0,459,96190,171.0518519,420,2268,1260,,168.3660131,2.68583878
32,CZ,10609239,2020-10-05,69827,0,1479379,0,80626,0,24910,0,397,90775,163.3712846,420,2268,1260,,160.8060453,2.565239295
33,CZ,10609239,2020-10-12,77099,0,3991267,0,87007,0,88581,0,526,100229,168.7330798,420,2268,1260,,166.0836502,2.649429658
34,CZ,10609239,2020-10-19,74715,0,6615320,0,93165,0,91100,0,607,97130,171.5235585,420,2268,1260,,168.830313,2.69324547
35,CZ,10609239,2020-10-26,82642,0,4634879,0,104649,0,64853,0,499,107435,177.0078156,420,2268,1260,,174.2284569,2.779358717
36,CZ,10609239,2020-11-02,75913,0,5315758,0,90649,0,84006,0,609,98687,147.137931,420,2268,1260,,144.8275862,2.310344828
37,CZ,10609239,2020-11-09,67026,0,2539596,0,77188,0,82217,0,482,87134,154.9221992,420,2268,1260,,152.4896266,2.432572614
38,CZ,10609239,2020-11-16,75860,16658,3274804,0,85426,22595.27,90752,0,515,98618,164.0516505,420,2268,1260,,161.4757282,2.57592233
39,CZ,10609239,2020-11-23,76018,0,2185369,0,76544,2795.12,76195,0,484,98823,130.4785124,420,2268,1260,,128.4297521,2.048760331
40,CZ,10609239,2020-11-30,77025,18024,3359131,0,75515,2803.58,99198,0,480,100133,127.1210417,420,2268,1260,,125.125,1.996041667
41,CZ,10609239,2020-12-07,75250,28728,2086121,0,81333,3560.46,91155,0,778,97825,94.88316195,420,2268,1260,,93.3933162,1.489845758
42,CZ,10609239,2020-12-14,82324,35053,1337947,0,95412,3850.41,82730,0,1116,107021,77.61657706,420,2268,1260,,76.39784946,1.218727599
43,CZ,10609239,2020-12-21,58610,282520,1511174,0,63737,23226.5,58299,0,1050,76193,69.89752381,420,2268,1260,,68.8,1.09752381
44,CZ,10609239,2020-12-28,67234,573687,1865644,0,67271,36992.84,34170,0,937,87404,81.05933831,420,2268,1260,,79.78655283,1.272785486
45,CZ,10609239,2021-01-04,105570,855811,3850849,9571,104050,63332,91740,1185,1364,137241,146.1510264,420,2268,1260,,272.8152493,-126.6642229
46,CZ,10609239,2021-01-11,119296,1110385,3663796,15863,89933,102679,86397,2092,1292,155085,126.4318885,420,2268,1260,,236.006192,-109.5743034
47,CZ,10609239,2021-01-18,190325,1107229,1972410,11279,80663,87786,62898,1505,2356,247423,70.86162988,420,2268,1260,,132.2750424,-61.41341256
48,CZ,10609239,2021-01-25,102374,936820,2596171,5968,90416,77662,68886,718,1364,133086,96.33431085,420,2268,1260,,179.8240469,-83.48973607
49,CZ,10609239,2021-02-01,119631,1160719,3138173,8640,93274,93282,77893,1106,1437,155520,69.83298539,420,2268,1260,,130.3549061,-60.52192067
50,CZ,10609239,2021-02-08,106746,752186,2877693,10279,77963,72940,70429,1293,1002,138770,95.20958084,420,2268,1260,,177.7245509,-82.51497006
51,CZ,10609239,2021-02-15,103043,775068,2062819,10221,201747,73109,66497,1294,956,133956,98.37866109,420,2268,1260,,183.6401674,-85.26150628
52,CZ,10609239,2021-02-22,91035,764217,3066648,11226,165901,72974,73882,1307,955,118346,193.1937173,420,2268,1260,,250.6806283,-57.48691099
53,CZ,10609239,2021-03-01,144640,1102603,3651416,4693,230629,84192,62747,554,1084,188032,366.9741697,420,2268,1260,,404.501845,-37.52767528
54,CZ,10609239,2021-03-08,89682,698194,3436933,11417,200880,78194,65530,1284,758,116587,217.2823219,420,2268,1260,,263.7467018,-46.46437995
55,CZ,10609239,2021-03-15,85042,466113,2326329,10863,212318,66523,45316,1297,752,110555,185.5053191,420,2268,1260,,238.4840426,-52.9787234
56,CZ,10609239,2021-03-22,94441,409444,2136856,9280,203480,52405,69274,1298,724,122773,111.878453,420,2268,1260,,167.0718232,-55.19337017
57,CZ,10609239,2021-03-29,82415,250034,4264852,4162,221428,42924,89147,568,666,107140,156.7567568,420,2268,1260,,209.3693694,-52.61261261
58,CZ,10609239,2021-04-05,79655,252576,3276098,12454,213652,35691,75873,1193,903,103552,408.1395349,420,2268,1260,,429.3023256,-21.1627907
59,CZ,10609239,2021-04-12,85966,201153,3196432,14880,198666,32151,73540,1409,854,111756,207.6112412,420,2268,1260,,244.9180328,-37.30679157
60,CZ,10609239,2021-04-19,136779,547221,3171857,14662,21112,55581,66887,1401,750,177813,350.4,420,2268,1260,,381.92,-31.52
61,CZ,10609239,2021-04-26,440994,1379085,6994395,8443,470860,121208,123006,1005,2653,573292,283.9427064,420,2268,1260,,282.1108179,1.831888428
62,CZ,10609239,2021-05-03,74609,265987,2087322,10272,149824,41269,41400,1061,794,96992,203.4634761,420,2268,1260,,254.4332494,-50.9697733
63,CZ,10609239,2021-05-10,66487,287167,4918069,12547,197947,42962,77675,1239,650,86433,350.3076923,420,2268,1260,,398.6769231,-48.36923077
64,CZ,10609239,2021-05-17,66777,236524,2475619,13550,157799,34741,44841,1264,689,86810,205.7329463,420,2268,1260,,265.7764877,-60.04354136
65,CZ,10609239,2021-05-24,48661,215448,2466686,15803,136226,32563,55839,1258,652,63259,139.4171779,420,2268,1260,,206.1349693,-66.71779141
66,CZ,10609239,2021-05-31,40374,350746,3747248,2028,139196,33889,70332,180,561,52486,117.1122995,420,2268,1260,,179.6791444,-62.56684492
67,CZ,10609239,2021-06-07,76165,437671,4737837,15653,205860,38185,112149,1277,770,99015,185.8441558,420,2268,1260,,220.9090909,-35.06493506
68,CZ,10609239,2021-06-14,43041,216251,2921846,16729,152265,28284,80338,1494,564,55953,121.2765957,420,2268,1260,,169.787234,-48.5106383
69,CZ,10609239,2021-06-21,41876,252226,4330386,19347,150452,43469,81279,1549,542,54439,125.3690037,420,2268,1260,,182.8782288,-57.50922509
70,CZ,10609239,2021-06-28,67681,596892,5983209,18929,208532,56084,119308,1317,630,87985,157.8571429,420,2268,1260,,224.6666667,-66.80952381
71,CZ,10609239,2021-07-05,129775,892895,2221232,14718,261404,43133,61465,1122,1455,168708,315.4639175,420,2268,1260,,318.3917526,-2.927835052
72,CZ,10609239,2021-07-12,59086,619228,1019365,10806,176056,27545,59065,1122,570,76812,113.6842105,420,2268,1260,,176.8421053,-63.15789474
73,CZ,10609239,2021-07-19,45846,315089,700513,10055,124679,31394,45637,1147,701,59600,141.8687589,420,2268,1260,,191.1269615,-49.25820257
74,CZ,10609239,2021-07-26,39450,288312,856643,8034,106926,37173,48962,971,624,51285,140.625,420,2268,1260,,194.5192308,-53.89423077
75,CZ,10609239,2021-08-02,82676,350251,2316049,9429,157537,31526,61342,1155,831,107479,90.433213,420,2268,1260,,116.7509025,-26.31768953
76,CZ,10609239,2021-08-09,95610,368288,3389142,10184,219124,31553,81691,1129,1356,124293,199.1150442,420,2268,1260,,216.8141593,-17.69911504
77,CZ,10609239,2021-08-16,76238,330894,2057397,10999,214275,33605,65397,1178,1344,99109,188.5044643,420,2268,1260,,212.1875,-23.68303571
78,CZ,10609239,2021-08-23,82715,429922,3248337,10605,245629,38515,75780,1194,1381,107530,218.6459088,420,2268,1260,,243.91021,-25.26430123
79,CZ,10609239,2021-08-30,64408,404253,1750435,10071,170072,32584,59605,1178,810,83730,157.2222222,420,2268,1260,,223.4814815,-66.25925926
80,CZ,10609239,2021-09-06,63227,383728,959466,9385,151628,33133,42205,1145,953,82195,209.6537251,420,2268,1260,,249.884575,-40.23084995
81,CZ,10609239,2021-09-13,87272,36378,2399208,7666,214296,366757,64695,1143,1473,113454,238.5947047,420,2268,1260,,283.706721,-45.11201629
82,CZ,10609239,2021-09-20,80267,436125,5309062,8099,264044,45808,135047,1173,1042,104347,188.7236084,420,2268,1260,,239.0211132,-50.2975048
83,CZ,10609239,2021-09-27,77230,598933,7816896,4395,300535,66536,148915,706,1213,100399,220.7337181,420,2268,1260,,271.1129431,-50.37922506
84,CZ,10609239,2021-10-04,68891,307730,4820602,7641,216991,37483,105667,1110,477,89558,161.3207547,420,2268,1260,,254.4654088,-93.14465409
85,CZ,10609239,2021-10-11,100466,440797,3379890,8434,302187,54478,115102,1270,580,130606,206.3793103,420,2268,1260,,302.6896552,-96.31034483
86,CZ,10609239,2021-10-18,92431,543849,1237310,8082,179711,76495,50476,1293,1028,120160,368.5797665,420,2268,1260,,432.2568093,-63.6770428
87,CZ,10609239,2021-10-25,117338,577068,1114808,7748,191357,79931,33312,1323,1132,152539,420.1855124,420,2268,1260,,463.409894,-43.22438163
88,CZ,10609239,2021-11-01,114295,524250,1754288,6428,183295,72735,39821,1014,1159,148584,230.2415876,420,2268,1260,,284.4693701,-54.22778257
89,CZ,10609239,2021-11-08,87580,402645,2327802,7572,176625,72618,69007,1197,814,113854,150.3685504,420,2268,1260,,229.0909091,-78.72235872
90,CZ,10609239,2021-11-15,92097,334167,5897132,6537,299731,70205,145455,1127,1126,119726,190.2309059,420,2268,1260,,242.0781528,-51.84724689
91,CZ,10609239,2021-11-22,126320,651747,3839134,6950,377729,134714,127309,1308,1653,164216,158.7114338,420,2268,1260,,202.2504537,-43.53901996
92,CZ,10609239,2021-11-29,125401,397123,2689574,1718,315176,80259,97703,357,1486,163021,115.0740242,420,2268,1260,,157.9946164,-42.92059219
93,CZ,10609239,2021-12-06,159729,523133,2800476,8310,286345,89397,81432,1305,1597,207648,163.7132123,420,2268,1260,,210.3944897,-46.6812774
94,CZ,10609239,2021-12-13,76574,413754,1288520,8057,191465,80342,50337,1301,929,99546,145.8019376,420,2268,1260,,209.3218515,-63.51991389
95,CZ,10609239,2021-12-20,56480,464419,406270,9450,94014,66219,16482,1291,786,73424,147.1374046,420,2268,1260,,203.5877863,-56.45038168
96,CZ,10609239,2021-12-27,68912,551982,524627,10248,85140,59562,15903,1391,927,89586,134.9514563,420,2268,1260,,181.6828479,-46.73139159
97,CZ,10609239,2022-01-03,127713,790429,6221600,8654,310383,96939,104619,1073,1038,166027,101.4836224,420,2268,1260,,151.734104,-50.2504817
98,CZ,10609239,2022-01-10,119153,684565,7268251,8855,141796,98321,130698,1132,869,154899,197.9746835,420,2268,1260,,260.023015,-62.04833142
99,CZ,10609239,2022-01-17,147073,806505,5226559,8520,352391,105251,146622,1154,1143,191195,241.4698163,420,2268,1260,,288.4514436,-46.9816273
100,CZ,10609239,2022-01-24,99915,492149,1462834,8850,169196,77960,56290,1178,875,129890,133.5314286,420,2268,1260,,190.08,-56.54857143
101,CZ,10609239,2022-01-31,114207,478533,5379570,8300,215118,77095,127220,1220,1113,148469,158.7061995,420,2268,1260,,210.1886792,-51.48247978
102,CZ,10609239,2022-02-07,144553,562578,5494836,9272,265418,85195,106594,1241,1096,187919,200.620438,420,2268,1260,,243.7226277,-43.10218978
103,CZ,10609239,2022-02-14,128509,459089,2284127,9378,220430,81401,62016,1257,1266,167062,185.3080569,420,2268,1260,,222.9383886,-37.63033175
104,CZ,10609239,2022-02-21,100612,616531,2992849,9655,218181,91872,109954,1272,966,130796,170,420,2268,1260,,213.4782609,-43.47826087
105,CZ,10609239,2022-02-28,113425,540618,3124611,10343,160564,83413,66231,1144,883,147453,183.3748584,420,2268,1260,,219.2751982,-35.90033975
106,CZ,10609239,2022-03-07,99146,513998,2106990,9228,180705,81557,37366,1100,883,128890,206.2967157,420,2268,1260,,251.619479,-45.32276331
107,CZ,10609239,2022-03-14,96138,494787,3482088,10885,108448,83030,51372,1138,843,124979,205.1720047,420,2268,1260,,256.0854093,-50.91340451
108,CZ,10609239,2022-03-21,76068,1892035,12604719,1483188,352647,162078,118398,87043,609,98888,122.364532,420,2268,1260,,169.6551724,-47.29064039
109,CZ,10609239,2022-03-28,88035,1932828,13910107,2585348,490093,170538,290918,162490,776,114446,145.2319588,420,2268,1260,,193.2216495,-47.98969072
110,CZ,10609239,2022-04-04,113703,1175567,11292103,541203,353310,123271,219090,30558,1055,147814,261.1753555,420,2268,1260,,282.6540284,-21.47867299
111,CZ,10609239,2022-04-11,65589,784353,2759379,454952,233360,79133,68865,25892,690,85266,215.3333333,420,2268,1260,,250.7826087,-35.44927536
112,CZ,10609239,2022-04-18,56151,677518,1436896,312790,146972,73836,35431,17466,693,72996,209.0909091,420,2268,1260,,244.8484848,-35.75757576
113,CZ,10609239,2022-04-25,53789,498668,1315672,220833,122133,67668,33865,12290,746,69926,217.0509383,420,2268,1260,,249.4101877,-32.35924933
114,CZ,10609239,2022-05-02,89049,401064,5339876,86409,68998,58990,109514,3503,1002,115764,261.6766467,420,2268,1260,,278.742515,-17.06586826
115,CZ,10609239,2022-05-09,78427,558680,5069436,111622,51391,70445,117671,4791,614,101955,188.0456026,420,2268,1260,,214.1042345,-26.05863192
116,CZ,10609239,2022-05-16,66544,243415,3581855,85315,24033,50428,103082,3585,495,86507,140.3232323,420,2268,1260,,180.7272727,-40.4040404
117,CZ,10609239,2022-05-23,104065,396890,4221379,43839,65145,66202,108544,1916,1583,135285,166.2160455,420,2268,1260,,192.0909665,-25.87492104
118,CZ,10609239,2022-05-30,70183,456406,836933,156271,6287,64206,62073,7990,506,91238,168.1818182,420,2268,1260,,211.6600791,-43.47826087
119,CZ,10609239,2022-06-06,194286,1284336,6883550,844369,153718,111961,209419,52477,3923,252572,349.4264593,420,2268,1260,,369.4672445,-20.04078511
120,CZ,10609239,2022-06-13,70281,551618,1345397,55699,19621,61440,57997,2351,505,91365,121.1485149,420,2268,1260,,163.009901,-41.86138614
121,CZ,10609239,2022-06-20,44755,159024,528391,22380,12148,32117,30856,957,397,58182,98.48866499,420,2268,1260,,138.5894207,-40.10075567
122,CZ,10609239,2022-06-27,59587,207846,326078,0,14393,25271,16529,0,625,77463,190.624,420,2268,1260,,208.32,-17.696
123,CZ,10609239,2022-07-04,120784,198440,909028,24570,23371,28285,42104,706,687,157019,180.7860262,420,2268,1260,,207.860262,-27.07423581
124,CZ,10609239,2022-07-11,65559,226972,4915514,27225,58259,44332,119740,1226,525,85227,148.952381,420,2268,1260,,171.2,-22.24761905
125,CZ,10609239,2022-07-18,55810,358742,2354688,29865,24034,49208,88362,1236,512,72553,159.0234375,420,2268,1260,,182.109375,-23.0859375
126,CZ,10609239,2022-07-25,61082,463870,2835674,30328,38815,54962,43711,1240,516,79407,156.8992248,420,2268,1260,,174.1860465,-17.28682171
127,CZ,10609239,2022-08-01,74390,782724,2126114,30705,44899,63556,47340,1242,719,96707,135.6328234,420,2268,1260,,150.7093185,-15.07649513
128,CZ,10609239,2022-08-08,70553,446499,4256276,30878,51616,51759,53302,1239,740,91719,185.2432432,420,2268,1260,,204.3243243,-19.08108108
129,CZ,10609239,2022-08-15,97892,392338,5748848,30853,65817,56108,106165,1246,1091,127260,172.0256645,420,2268,1260,,182.8597617,-10.83409716
130,CZ,10609239,2022-08-22,86237,351080,2993361,30829,40063,54503,68544,1255,1269,112108,163.8455477,420,2268,1260,,180.3782506,-16.53270292
131,CZ,10609239,2022-08-29,68271,518148,1412658,13414,20332,53357,38836,547,812,88752,168.817734,420,2268,1260,,189.8275862,-21.00985222
132,CZ,10609239,2022-09-05,157028,623754,3241970,27303,69893,67198,76355,1294,3566,204136,267.9248458,420,2268,1260,,274.4251262,-6.500280426
133,CZ,10609239,2022-09-12,102370,319730,4070543,28564,69796,58779,91151,1352,1901,133081,211.0047344,420,2268,1260,,218.2851131,-7.280378748
134,CZ,10609239,2022-09-19,54956,300078,1598046,25852,31024,59750,53191,1292,706,71443,100.3399433,420,2268,1260,,136.2322946,-35.89235127
135,CZ,10609239,2022-09-26,68331,313776,2045605,16370,42575,56216,74491,840,736,88830,106.875,420,2268,1260,,142.6630435,-35.78804348
136,CZ,10609239,2022-10-03,95397,418157,3552806,20918,68760,53812,86958,1107,1297,124016,193.6468774,420,2268,1260,,218.5813416,-24.93446415
137,CZ,10609239,2022-10-10,87111,534737,4204565,22828,78723,68977,44121,1196,1269,113244,209.8817967,420,2268,1260,,234.6572104,-24.77541371
138,CZ,10609239,2022-10-17,109357,608144,4331253,20057,76743,93137,126986,1025,1565,142164,264.2428115,420,2268,1260,,281.7891374,-17.54632588
139,CZ,10609239,2022-10-24,85573,1277062,5247231,571230,90215,137868,141575,35812,1237,111245,171.8027486,420,2268,1260,,205.0767987,-33.27405012
140,CZ,10609239,2022-10-31,80150,1303499,5429313,623396,101026,125954,127277,35632,1013,104195,142.1322804,420,2268,1260,,195.6959526,-53.56367226
141,CZ,10609239,2022-11-07,126172,1460671,4539443,534102,95878,143027,130335,34754,992,164024,163.6895161,420,2268,1260,,204.4959677,-40.80645161
142,CZ,10609239,2022-11-14,111234,1231370,5220293,450642,84903,125165,190374,30521,1021,144604,113.0852106,420,2268,1260,,157.9627816,-44.87757101
143,CZ,10609239,2022-11-21,87244,985115,5009777,488193,106708,146065,162710,34924,972,113417,92.28395062,420,2268,1260,,143.0246914,-50.74074074
144,CZ,10609239,2022-11-28,65650,742087,4047020,464688,55887,88826,117663,33814,649,85345,83.63636364,420,2268,1260,,135.9013867,-52.26502311
145,CZ,10609239,2022-12-05,98587,954437,6007840,324463,124578,119487,195016,23720,833,128163,114.3097239,420,2268,1260,,151.2605042,-36.95078031
146,CZ,10609239,2022-12-12,85964,540673,4046344,209442,120691,92030,158659,14180,746,111753,98.04289544,420,2268,1260,,143.5656836,-45.5227882
147,CZ,10609239,2022-12-19,69986,333983,2367996,296658,104633,68670,88427,15058,859,90982,93.71362049,420,2268,1260,,148.6379511,-54.92433062
148,CZ,10609239,2022-12-26,53187,376247,1868313,155521,58736,47873,35853,7629,704,69143,114.3465909,420,2268,1260,,162.8693182,-48.52272727
149,CZ,10609239,2023-01-02,76395,1474431,8075977,515764,100135,101221,41380,21490,814,99314,98.2027027,420,2268,1260,,121.7690418,-23.56633907
150,CZ,10609239,2023-01-09,77377,2043482,11758014,2440696,99408,147434,220220,119313,843,100590,115.0237248,420,2268,1260,,143.4875445,-28.46381969
151,CZ,10609239,2023-01-16,114897,1799681,11922608,1628769,119873,164967,199880,82772,1001,149366,162.5494505,420,2268,1260,,189.6503497,-27.1008991
152,CZ,10609239,2023-01-23,99045,788558,4247606,1225618,111699,121164,134344,59145,931,128759,107.707841,420,2268,1260,,143.4586466,-35.75080559
153,CZ,10609239,2023-01-30,74564,685746,7510656,1178422,84862,117789,164175,52725,803,96933,100.7260274,420,2268,1260,,142.2665006,-41.54047323
154,CZ,10609239,2023-02-06,118611,2225955,9428425,1010716,153810,170730,196675,49635,930,154194,149.0204301,420,2268,1260,,179.2903226,-30.26989247
155,CZ,10609239,2023-02-13,107768,1531411,4412436,603326,128485,151082,125281,32254,1905,140098,207.3254593,420,2268,1260,,232.8188976,-25.49343832
156,CZ,10609239,2023-02-20,101173,675113,1361472,68991,112414,118554,56702,3748,1131,131525,161.0123784,420,2268,1260,,194.2175066,-33.20512821
157,CZ,10609239,2023-02-27,157776,1006276,5139792,35077,188108,125059,92333,1799,1218,205109,181.3555008,420,2268,1260,,213.7931034,-32.43760263
158,CZ,10609239,2023-03-06,117829,664228,3611295,39924,146403,112749,44804,2048,1083,153178,187.365651,420,2268,1260,,222.9916898,-35.62603878
159,CZ,10609239,2023-03-13,123402,927278,6640974,23422,164644,125075,103064,1406,1105,160423,210.1746606,420,2268,1260,,243.638009,-33.46334842
160,CZ,10609239,2023-03-20,94971,482377,5642202,0,148853,111074,51294,0,720,123462,132.0458333,420,2268,1260,,176.1666667,-44.12083333
161,CZ,10609239,2023-03-27,82880,537439,3228950,0,105723,112353,17301,0,669,107744,120.1943199,420,2268,1260,,155.6950673,-35.50074738
162,CZ,10609239,2023-04-03,105321,806843,3861829,0,133146,118231,102246,0,836,136917,158.4210526,420,2268,1260,,185.8851675,-27.46411483
163,CZ,10609239,2023-04-10,100897,942892,3253847,597874,127714,119329,83797,29277,1039,131166,219.8835419,420,2268,1260,,248.2001925,-28.31665063
164,CZ,10609239,2023-04-17,76862,1202592,4652175,1357324,105810,123226,122203,77866,832,99921,193.8617788,420,2268,1260,,222.6201923,-28.75841346
165,CZ,10609239,2023-04-24,62140,452359,1804809,523443,96315,93666,49606,29136,605,80782,126.6545455,420,2268,1260,,161.0578512,-34.40330579
166,CZ,10609239,2023-05-01,76734,794261,3597938,265612,121029,105908,60877,18602,623,99754,132.8651685,420,2268,1260,,155.0561798,-22.19101124
167,CZ,10609239,2023-05-08,83604,695901,3913541,497443,111315,113799,58900,30917,1151,108685,225.6099044,420,2268,1260,,240.1042572,-14.49435274
168,CZ,10609239,2023-05-15,77869,1067271,4787895,239564,108486,120521,59842,14060,960,101230,211.371875,420,2268,1260,,225.3125,-13.940625
169,CZ,10609239,2023-05-22,65996,863285,1545497,41247,103159,121053,50011,2141,575,85795,121.746087,420,2268,1260,,150.4695652,-28.72347826
170,CZ,10609239,2023-05-29,57459,555449,0,17488,108658,96407,0,929,557,74697,135.8707361,420,2268,1260,,168.9048474,-33.03411131
171,CZ,10609239,2023-06-05,86545,1376763,404483,140194,177059,118441,7097,6625,2334,112509,279.6658098,420,2268,1260,,290.9768638,-11.31105398
172,CZ,10609239,2023-06-12,68888,1225612,0,46543,129288,120700,0,2941,638,89554,140.862069,420,2268,1260,,183.6677116,-42.80564263
173,CZ,10609239,2023-06-19,54372,331760,0,176096,106760,80727,0,13041,514,70684,90.18287938,420,2268,1260,,128.2879377,-38.10505837
174,CZ,10609239,2023-06-26,61853,548625,144978,95680,115515,91094,6117,5985,612,80409,105.8839869,420,2268,1260,,141.372549,-35.48856209
175,CZ,10609239,2023-07-03,86568,910925,0,150449,149115,97599,0,7252,813,112538,166.3936039,420,2268,1260,,181.8450185,-15.45141451
176,CZ,10609239,2023-07-10,122424,1049550,421557,204627,211519,107190,12419,9486,1183,159151,217.1081995,420,2268,1260,,240,-22.89180051
177,CZ,10609239,2023-07-17,73943,488282,75119,12838,130073,77900,4034,784,775,96126,111.6890323,420,2268,1260,,139.8193548,-28.13032258
178,CZ,10609239,2023-07-24,54650,583686,0,17172,97893,82527,0,959,644,71045,163.7872671,420,2268,1260,,200.2173913,-36.43012422
179,CZ,10609239,2023-07-31,66983,413785,179527,48431,99148,74819,9121,3345,785,87078,149.4318471,420,2268,1260,,155.6942675,-6.262420382
180,CZ,10609239,2023-08-07,74899,1053902,718798,17172,106916,101602,42365,959,708,97369,171.6963277,420,2268,1260,,202.8813559,-31.18502825
181,CZ,10609239,2023-08-14,88663,1386095,811296,12838,132182,120772,54023,784,758,115262,185.9551451,420,2268,1260,,211.6622691,-25.70712401
182,CZ,10609239,2023-08-21,115805,1024524,128768,17172,179550,124647,13391,959,1383,150547,429.9067245,420,2268,1260,,482.8633406,-52.95661605
183,CZ,10609239,2023-08-28,73221,727136,0,48431,272550,67769,0,3345,621,95187,243.7359098,420,2268,1260,,285.410628,-41.6747182
184,CZ,10609239,2023-09-04,79125,1054137,514771,43753,141172,86949,10075,3358,509,102863,250.9037328,420,2268,1260,,283.8506876,-32.94695481
185,CZ,10609239,2023-09-11,85497,603162,0,26461,150289,82842,0,2068,491,111146,254.3217923,420,2268,1260,,313.9307536,-59.6089613
186,CZ,10609239,2023-09-18,141317,1669102,268591,0,153970,130015,16259,0,1711,183712,402.5061368,420,2268,1260,,450.9292811,-48.42314436
187,CZ,10609239,2023-09-25,73896,683799,233527,55514,311857,84908,14859,4141,474,96065,189.5991561,420,2268,1260,,248.9873418,-59.38818565
188,CZ,10609239,2023-10-02,133883,1744931,377551,0,128778,121174,29041,0,1225,174048,374.5387755,420,2268,1260,,416.2285714,-41.68979592
189,CZ,10609239,2023-10-09,76697,1350252,267617,55514,349172,111355,27643,4141,423,99706,223.6406619,420,2268,1260,,283.9716312,-60.33096927
190,CZ,10609239,2023-10-16,100575,1640422,8646,90844,145868,134020,1399,7223,868,130748,330.2281106,420,2268,1260,,358.5483871,-28.3202765
191,CZ,10609239,2023-10-23,140087,1219458,0,94699,217018,121454,0,7355,1732,182113,387.7944573,420,2268,1260,,433.3371824,-45.54272517
192,CZ,10609239,2023-10-30,96168,1773270,110845,350079,355032,148905,4026,23442,668,125018,246.4131737,420,2268,1260,,304.3113772,-57.89820359
193,CZ,10609239,2023-11-06,338573,3414063,560013,1057746,1183529,300002,34263,77331,6011,440145,471.0327732,420,2268,1260,,461.6436533,9.389119947
194,CZ,10609239,2023-11-13,102492,697210,0,39823,241675,95315,0,3101,571,133240,217.8616462,420,2268,1260,,278.7740806,-60.91243433
195,CZ,10609239,2023-11-20,71720,551709,0,19687,124304,89054,0,1546,548,93236,150.1861314,420,2268,1260,,198.5036496,-48.31751825
196,CZ,10609239,2023-11-27,90541,530574,62904,744,207551,71627,6041,54,791,117703,267.8938053,420,2268,1260,,314.3362832,-46.44247788
197,CZ,10609239,2023-12-04,50429,727567,96462,0,79551,93583,7076,0,651,65558,247.7619048,420,2268,1260,,312.2580645,-64.49615975
198,CZ,10609239,2023-12-11,125733,1698150,398665,773113,282747,201374,28165,79102,1183,163453,281.8808115,420,2268,1260,,308.5207101,-26.63989856
199,CZ,10609239,2023-12-18,68574,453490,0,0,126443,72225,0,0,615,89146,165.3577236,420,2268,1260,,234.2439024,-68.88617886
200,CZ,10609239,2023-12-25,56037,612481,0,0,84379,64356,0,0,647,72848,253.6800618,420,2268,1260,,276.5378671,-22.85780526
201,CZ,10609239,2024-01-01,96402,796191,4229649,162080,173667,78214,88852,9584,689,125323,133.8896952,420,2268,1260,,174.9492017,-41.05950653
202,CZ,10609239,2024-01-08,92110,1377992,6076514,78067,197686,129275,162990,6750,655,119743,255.5725191,420,2268,1260,,291.1145038,-35.54198473
203,CZ,10609239,2024-01-15,85825,787351,5653828,110200,173689,98145,147951,8691,571,111573,220.6654991,420,2268,1260,,266.2697023,-45.60420315
204,CZ,10609239,2024-01-22,83452,785633,2968791,78067,156411,106673,49319,6750,541,108488,239.5563771,420,2268,1260,,300.4436229,-60.88724584
205,CZ,10609239,2024-01-29,83677,579325,2970589,104197,167870,76626,68493,8722,423,108780,154.2553191,420,2268,1260,,202.5531915,-48.29787234
206,CZ,10609239,2024-02-05,102098,1030778,4408664,82427,235208,115878,93598,7233,529,132727,285.8223062,420,2268,1260,,334.2533081,-48.43100189
207,CZ,10609239,2024-02-12,131363,1072900,7892359,64667,328656,118988,173645,5646,724,170772,323.8259669,420,2268,1260,,368.3701657,-44.5441989
208,CZ,10609239,2024-02-19,116698,704816,5394475,48565,293222,99642,119008,4185,562,151707,246.6192171,420,2268,1260,,315.3736655,-68.7544484
209,CZ,10609239,2024-02-26,310627,887640,5145395,20129,989175,122382,92224,2019,2103,403815,547.788873,420,2268,1260,,714.7788873,-166.9900143
210,CZ,10609239,2024-03-04,351305,1439117,10866660,36357,1156885,142680,181274,3222,2830,456697,581.024735,420,2268,1260,,678.0848057,-97.06007067
211,CZ,10609239,2024-03-11,188756,1147427,5570688,28395,555417,124217,120322,2472,1203,245383,456.7331671,420,2268,1260,,549.5261845,-92.79301746
212,CZ,10609239,2024-03-18,147072,762770,6716027,32357,418150,111295,151186,2829,770,191194,421.9480519,420,2268,1260,,561.8181818,-139.8701299
213,CZ,10609239,2024-03-25,93454,424509,1436976,16354,231534,80514,40669,1438,434,121490,305.875576,420,2268,1260,,418.0645161,-112.1889401
214,CZ,10609239,2024-04-01,109385,635936,2421851,24679,226505,82798,70386,4521,639,142201,387.3239437,420,2268,1260,,446.9483568,-59.62441315
215,CZ,10609239,2024-04-08,469876,3503841,7669618,804373,1957838,292261,300611,83450,5482,610839,550.0638453,420,2268,1260,,530.2480846,19.81576067